"id","original_path_or_patch","purpose","destination","dependencies","disposition","implementing_commit","verification","status","source_kind"
"PATCH-001","patches/kodi/0001-texturepacker-not-shipped-on-ps5.patch","Legacy Kodi patch from reference port","Upstream Kodi source (same functional area; native integration)","Kodi baseline SHA; qualified dependency graph","adapt-native-integration","worktree:/home/raoul/kodi-fork/xbmc-ps5-fork@phase2-effective-source","applied cleanly against baseline SHA 28ea2eac; see docs/ps5/phase2-patch-apply.log","done","kodi_patch"
"PATCH-002","patches/kodi/0002-timeutils-clock-monotonic-ps5.patch","Legacy Kodi patch from reference port","Upstream Kodi source (same functional area; native integration)","Kodi baseline SHA; qualified dependency graph","adapt-native-integration","worktree:/home/raoul/kodi-fork/xbmc-ps5-fork@phase2-effective-source","applied cleanly against baseline SHA 28ea2eac; see docs/ps5/phase2-patch-apply.log","done","kodi_patch"
"PATCH-003","patches/kodi/0003-libupnp-neptune-bsd-on-ps5.patch","Legacy Kodi patch from reference port","Upstream Kodi source (same functional area; native integration)","Kodi baseline SHA; qualified dependency graph","adapt-native-integration","worktree:/home/raoul/kodi-fork/xbmc-ps5-fork@phase2-effective-source","applied cleanly against baseline SHA 28ea2eac; see docs/ps5/phase2-patch-apply.log","done","kodi_patch"
"PATCH-004","patches/kodi/0004-platform-log-ps5.patch","Legacy Kodi patch from reference port","Upstream Kodi source (same functional area; native integration)","Kodi baseline SHA; qualified dependency graph","adapt-native-integration","worktree:/home/raoul/kodi-fork/xbmc-ps5-fork@phase2-effective-source","applied cleanly against baseline SHA 28ea2eac; see docs/ps5/phase2-patch-apply.log","done","kodi_patch"
"PATCH-005","patches/kodi/0005-charset-wchar-utf16-ps5.patch","Legacy Kodi patch from reference port","Upstream Kodi source (same functional area; native integration)","Kodi baseline SHA; qualified dependency graph","adapt-native-integration","worktree:/home/raoul/kodi-fork/xbmc-ps5-fork@phase2-effective-source","applied cleanly against baseline SHA 28ea2eac; see docs/ps5/phase2-patch-apply.log","done","kodi_patch"
"PATCH-006","patches/kodi/0006-smb-over-libsmb2-ps5.patch","Legacy Kodi patch from reference port","Upstream Kodi source (same functional area; native integration)","Kodi baseline SHA; qualified dependency graph","adapt-native-integration","worktree:/home/raoul/kodi-fork/xbmc-ps5-fork@phase2-effective-source","applied cleanly against baseline SHA 28ea2eac; see docs/ps5/phase2-patch-apply.log","done","kodi_patch"
"PATCH-007","patches/kodi/0007-gl-renderer-no-pbo-ps5.patch","Legacy Kodi patch from reference port","Upstream Kodi source (same functional area; native integration)","Kodi baseline SHA; qualified dependency graph","adapt-native-integration","worktree:/home/raoul/kodi-fork/xbmc-ps5-fork@phase2-effective-source","applied cleanly against baseline SHA 28ea2eac; see docs/ps5/phase2-patch-apply.log","done","kodi_patch"
"PATCH-008","patches/kodi/0008-gl-renderer-rectangle-textures-ps5.patch","Legacy Kodi patch from reference port","Upstream Kodi source (same functional area; native integration)","Kodi baseline SHA; qualified dependency graph","adapt-native-integration","worktree:/home/raoul/kodi-fork/xbmc-ps5-fork@phase2-effective-source","applied cleanly against baseline SHA 28ea2eac; see docs/ps5/phase2-patch-apply.log","done","kodi_patch"
"PATCH-009","patches/kodi/0009-refresh-integer-multiple-ps5.patch","Legacy Kodi patch from reference port","Upstream Kodi source (same functional area; native integration)","Kodi baseline SHA; qualified dependency graph","adapt-native-integration","worktree:/home/raoul/kodi-fork/xbmc-ps5-fork@phase2-effective-source","applied cleanly against baseline SHA 28ea2eac; see docs/ps5/phase2-patch-apply.log","done","kodi_patch"
"PATCH-010","patches/kodi/0010-refresh-integer-multiple-first-ps5.patch","Legacy Kodi patch from reference port","Upstream Kodi source (same functional area; native integration)","Kodi baseline SHA; qualified dependency graph","adapt-native-integration","worktree:/home/raoul/kodi-fork/xbmc-ps5-fork@phase2-effective-source","applied cleanly against baseline SHA 28ea2eac; see docs/ps5/phase2-patch-apply.log","done","kodi_patch"
"PATCH-011","patches/kodi/0011-renderer-no-pbo-rectangle-always-ps5.patch","Legacy Kodi patch from reference port","Upstream Kodi source (same functional area; native integration)","Kodi baseline SHA; qualified dependency graph","adapt-native-integration","worktree:/home/raoul/kodi-fork/xbmc-ps5-fork@phase2-effective-source","applied cleanly against baseline SHA 28ea2eac; see docs/ps5/phase2-patch-apply.log","done","kodi_patch"
"PATCH-012","patches/kodi/0012-refresh-vrr-playback-only-ps5.patch","Legacy Kodi patch from reference port","Upstream Kodi source (same functional area; native integration)","Kodi baseline SHA; qualified dependency graph","adapt-native-integration","worktree:/home/raoul/kodi-fork/xbmc-ps5-fork@phase2-effective-source","applied cleanly against baseline SHA 28ea2eac; see docs/ps5/phase2-patch-apply.log","done","kodi_patch"
"PATCH-013","patches/kodi/0013-default-framebuffer-hdr-ps5.patch","Legacy Kodi patch from reference port","Upstream Kodi source (same functional area; native integration)","Kodi baseline SHA; qualified dependency graph","adapt-native-integration","worktree:/home/raoul/kodi-fork/xbmc-ps5-fork@phase2-effective-source","applied cleanly against baseline SHA 28ea2eac; see docs/ps5/phase2-patch-apply.log","done","kodi_patch"
"PATCH-014","patches/kodi/0014-hlg-to-pq-shader-ps5.patch","Legacy Kodi patch from reference port","Upstream Kodi source (same functional area; native integration)","Kodi baseline SHA; qualified dependency graph","adapt-native-integration","worktree:/home/raoul/kodi-fork/xbmc-ps5-fork@phase2-effective-source","applied cleanly against baseline SHA 28ea2eac; see docs/ps5/phase2-patch-apply.log","done","kodi_patch"
"PATCH-015","patches/kodi/0015-native-keyboard-ps5.patch","Legacy Kodi patch from reference port","Upstream Kodi source (same functional area; native integration)","Kodi baseline SHA; qualified dependency graph","adapt-native-integration","worktree:/home/raoul/kodi-fork/xbmc-ps5-fork@phase2-effective-source","applied cleanly against baseline SHA 28ea2eac; see docs/ps5/phase2-patch-apply.log","done","kodi_patch"
"PATCH-016","patches/kodi/0016-curl-idle-close-off-thread-ps5.patch","Legacy Kodi patch from reference port","Upstream Kodi source (same functional area; native integration)","Kodi baseline SHA; qualified dependency graph","adapt-native-integration","worktree:/home/raoul/kodi-fork/xbmc-ps5-fork@phase2-effective-source","applied cleanly against baseline SHA 28ea2eac; see docs/ps5/phase2-patch-apply.log","done","kodi_patch"
"PATCH-017","patches/kodi/0017-ps5-binary-addon-inprocess-loader.patch","Legacy Kodi patch from reference port","Upstream Kodi source (same functional area; native integration)","Kodi baseline SHA; qualified dependency graph","adapt-native-integration","worktree:/home/raoul/kodi-fork/xbmc-ps5-fork@phase2-effective-source","applied cleanly against baseline SHA 28ea2eac; see docs/ps5/phase2-patch-apply.log","done","kodi_patch"
"PATCH-018","patches/kodi/0018-xbpython-report-init-failure-ps5.patch","Legacy Kodi patch from reference port","Upstream Kodi source (same functional area; native integration)","Kodi baseline SHA; qualified dependency graph","adapt-native-integration","worktree:/home/raoul/kodi-fork/xbmc-ps5-fork@phase2-effective-source","applied cleanly against baseline SHA 28ea2eac; see docs/ps5/phase2-patch-apply.log","done","kodi_patch"
"PATCH-019","patches/kodi/0019-curl-multi-wait-ps5.patch","Legacy Kodi patch from reference port","Upstream Kodi source (same functional area; native integration)","Kodi baseline SHA; qualified dependency graph","adapt-native-integration","worktree:/home/raoul/kodi-fork/xbmc-ps5-fork@phase2-effective-source","applied cleanly against baseline SHA 28ea2eac; see docs/ps5/phase2-patch-apply.log","done","kodi_patch"
"OVERLAY-001","overlay/cmake/installdata/ps5/ps5.txt","PS5 platform overlay source from reference port","cmake/installdata/ps5/ps5.txt","Kodi baseline SHA; platform registration points","adapt-native-integration","worktree:/home/raoul/kodi-fork/xbmc-ps5-fork@phase2-effective-source","overlay file copied into baseline worktree; included in effective source tree","done","overlay_file"
"OVERLAY-002","overlay/cmake/modules/FindIconv.cmake","PS5 platform overlay source from reference port","cmake/modules/FindIconv.cmake","Kodi baseline SHA; platform registration points","adapt-native-integration","worktree:/home/raoul/kodi-fork/xbmc-ps5-fork@phase2-effective-source","overlay file copied into baseline worktree; included in effective source tree","done","overlay_file"
"OVERLAY-003","overlay/cmake/platform/ps5/defines.txt","PS5 platform overlay source from reference port","cmake/platform/ps5/defines.txt","Kodi baseline SHA; platform registration points","adapt-native-integration","worktree:/home/raoul/kodi-fork/xbmc-ps5-fork@phase2-effective-source","overlay file copied into baseline worktree; included in effective source tree","done","overlay_file"
"OVERLAY-004","overlay/cmake/platform/ps5/ps5.cmake","PS5 platform overlay source from reference port","cmake/platform/ps5/ps5.cmake","Kodi baseline SHA; platform registration points","adapt-native-integration","worktree:/home/raoul/kodi-fork/xbmc-ps5-fork@phase2-effective-source","overlay file copied into baseline worktree; included in effective source tree","done","overlay_file"
"OVERLAY-005","overlay/cmake/scripts/ps5/ArchSetup.cmake","PS5 platform overlay source from reference port","cmake/scripts/ps5/ArchSetup.cmake","Kodi baseline SHA; platform registration points","adapt-native-integration","worktree:/home/raoul/kodi-fork/xbmc-ps5-fork@phase2-effective-source","overlay file copied into baseline worktree; included in effective source tree","done","overlay_file"
"OVERLAY-006","overlay/cmake/scripts/ps5/Install.cmake","PS5 platform overlay source from reference port","cmake/scripts/ps5/Install.cmake","Kodi baseline SHA; platform registration points","adapt-native-integration","worktree:/home/raoul/kodi-fork/xbmc-ps5-fork@phase2-effective-source","overlay file copied into baseline worktree; included in effective source tree","done","overlay_file"
"OVERLAY-007","overlay/cmake/scripts/ps5/Macros.cmake","PS5 platform overlay source from reference port","cmake/scripts/ps5/Macros.cmake","Kodi baseline SHA; platform registration points","adapt-native-integration","worktree:/home/raoul/kodi-fork/xbmc-ps5-fork@phase2-effective-source","overlay file copied into baseline worktree; included in effective source tree","done","overlay_file"
"OVERLAY-008","overlay/cmake/scripts/ps5/PathSetup.cmake","PS5 platform overlay source from reference port","cmake/scripts/ps5/PathSetup.cmake","Kodi baseline SHA; platform registration points","adapt-native-integration","worktree:/home/raoul/kodi-fork/xbmc-ps5-fork@phase2-effective-source","overlay file copied into baseline worktree; included in effective source tree","done","overlay_file"
"OVERLAY-009","overlay/cmake/treedata/ps5/subdirs.txt","PS5 platform overlay source from reference port","cmake/treedata/ps5/subdirs.txt","Kodi baseline SHA; platform registration points","adapt-native-integration","worktree:/home/raoul/kodi-fork/xbmc-ps5-fork@phase2-effective-source","overlay file copied into baseline worktree; included in effective source tree","done","overlay_file"
"OVERLAY-010","overlay/cmake/treedata/ps5/tests.txt","PS5 platform overlay source from reference port","cmake/treedata/ps5/tests.txt","Kodi baseline SHA; platform registration points","adapt-native-integration","worktree:/home/raoul/kodi-fork/xbmc-ps5-fork@phase2-effective-source","overlay file copied into baseline worktree; included in effective source tree","done","overlay_file"
"OVERLAY-011","overlay/system/advancedsettings.xml","PS5 platform overlay source from reference port","system/advancedsettings.xml","Kodi baseline SHA; platform registration points","adapt-native-integration","worktree:/home/raoul/kodi-fork/xbmc-ps5-fork@phase2-effective-source","overlay file copied into baseline worktree; included in effective source tree","done","overlay_file"
"OVERLAY-012","overlay/xbmc/platform/ps5/audio/AESinkPS5.cpp","PS5 platform overlay source from reference port","xbmc/platform/ps5/audio/AESinkPS5.cpp","Kodi baseline SHA; platform registration points","adapt-native-integration","worktree:/home/raoul/kodi-fork/xbmc-ps5-fork@phase2-effective-source","overlay file copied into baseline worktree; included in effective source tree","done","overlay_file"
"OVERLAY-013","overlay/xbmc/platform/ps5/audio/AESinkPS5.h","PS5 platform overlay source from reference port","xbmc/platform/ps5/audio/AESinkPS5.h","Kodi baseline SHA; platform registration points","adapt-native-integration","worktree:/home/raoul/kodi-fork/xbmc-ps5-fork@phase2-effective-source","overlay file copied into baseline worktree; included in effective source tree","done","overlay_file"
"OVERLAY-014","overlay/xbmc/platform/ps5/audio/CMakeLists.txt","PS5 platform overlay source from reference port","xbmc/platform/ps5/audio/CMakeLists.txt","Kodi baseline SHA; platform registration points","adapt-native-integration","worktree:/home/raoul/kodi-fork/xbmc-ps5-fork@phase2-effective-source","overlay file copied into baseline worktree; included in effective source tree","done","overlay_file"
"OVERLAY-015","overlay/xbmc/platform/ps5/BuildStamp.h","PS5 platform overlay source from reference port","xbmc/platform/ps5/BuildStamp.h","Kodi baseline SHA; platform registration points","adapt-native-integration","worktree:/home/raoul/kodi-fork/xbmc-ps5-fork@phase2-effective-source","overlay file copied into baseline worktree; included in effective source tree","done","overlay_file"
"OVERLAY-016","overlay/xbmc/platform/ps5/CMakeLists.txt","PS5 platform overlay source from reference port","xbmc/platform/ps5/CMakeLists.txt","Kodi baseline SHA; platform registration points","adapt-native-integration","worktree:/home/raoul/kodi-fork/xbmc-ps5-fork@phase2-effective-source","overlay file copied into baseline worktree; included in effective source tree","done","overlay_file"
"OVERLAY-017","overlay/xbmc/platform/ps5/CPUInfoPS5.cpp","PS5 platform overlay source from reference port","xbmc/platform/ps5/CPUInfoPS5.cpp","Kodi baseline SHA; platform registration points","adapt-native-integration","worktree:/home/raoul/kodi-fork/xbmc-ps5-fork@phase2-effective-source","overlay file copied into baseline worktree; included in effective source tree","done","overlay_file"
"OVERLAY-018","overlay/xbmc/platform/ps5/CPUInfoPS5.h","PS5 platform overlay source from reference port","xbmc/platform/ps5/CPUInfoPS5.h","Kodi baseline SHA; platform registration points","adapt-native-integration","worktree:/home/raoul/kodi-fork/xbmc-ps5-fork@phase2-effective-source","overlay file copied into baseline worktree; included in effective source tree","done","overlay_file"
"OVERLAY-019","overlay/xbmc/platform/ps5/elf/ElfLoader.cpp","PS5 platform overlay source from reference port","xbmc/platform/ps5/elf/ElfLoader.cpp","Kodi baseline SHA; platform registration points","adapt-native-integration","worktree:/home/raoul/kodi-fork/xbmc-ps5-fork@phase2-effective-source","overlay file copied into baseline worktree; included in effective source tree","done","overlay_file"
"OVERLAY-020","overlay/xbmc/platform/ps5/elf/ElfLoader.h","PS5 platform overlay source from reference port","xbmc/platform/ps5/elf/ElfLoader.h","Kodi baseline SHA; platform registration points","adapt-native-integration","worktree:/home/raoul/kodi-fork/xbmc-ps5-fork@phase2-effective-source","overlay file copied into baseline worktree; included in effective source tree","done","overlay_file"
"OVERLAY-021","overlay/xbmc/platform/ps5/elf/host_exports.list","PS5 platform overlay source from reference port","xbmc/platform/ps5/elf/host_exports.list","Kodi baseline SHA; platform registration points","adapt-native-integration","worktree:/home/raoul/kodi-fork/xbmc-ps5-fork@phase2-effective-source","overlay file copied into baseline worktree; included in effective source tree","done","overlay_file"
"OVERLAY-022","overlay/xbmc/platform/ps5/elf/HostExports.cpp","PS5 platform overlay source from reference port","xbmc/platform/ps5/elf/HostExports.cpp","Kodi baseline SHA; platform registration points","adapt-native-integration","worktree:/home/raoul/kodi-fork/xbmc-ps5-fork@phase2-effective-source","overlay file copied into baseline worktree; included in effective source tree","done","overlay_file"
"OVERLAY-023","overlay/xbmc/platform/ps5/elf/HostExports.h","PS5 platform overlay source from reference port","xbmc/platform/ps5/elf/HostExports.h","Kodi baseline SHA; platform registration points","adapt-native-integration","worktree:/home/raoul/kodi-fork/xbmc-ps5-fork@phase2-effective-source","overlay file copied into baseline worktree; included in effective source tree","done","overlay_file"
"OVERLAY-024","overlay/xbmc/platform/ps5/elf/PS5AddonLoader.cpp","PS5 platform overlay source from reference port","xbmc/platform/ps5/elf/PS5AddonLoader.cpp","Kodi baseline SHA; platform registration points","adapt-native-integration","worktree:/home/raoul/kodi-fork/xbmc-ps5-fork@phase2-effective-source","overlay file copied into baseline worktree; included in effective source tree","done","overlay_file"
"OVERLAY-025","overlay/xbmc/platform/ps5/elf/PS5AddonLoader.h","PS5 platform overlay source from reference port","xbmc/platform/ps5/elf/PS5AddonLoader.h","Kodi baseline SHA; platform registration points","adapt-native-integration","worktree:/home/raoul/kodi-fork/xbmc-ps5-fork@phase2-effective-source","overlay file copied into baseline worktree; included in effective source tree","done","overlay_file"
"OVERLAY-026","overlay/xbmc/platform/ps5/elf/README.md","PS5 platform overlay source from reference port","xbmc/platform/ps5/elf/README.md","Kodi baseline SHA; platform registration points","adapt-native-integration","worktree:/home/raoul/kodi-fork/xbmc-ps5-fork@phase2-effective-source","overlay file copied into baseline worktree; included in effective source tree","done","overlay_file"
"OVERLAY-027","overlay/xbmc/platform/ps5/filesystem/CMakeLists.txt","PS5 platform overlay source from reference port","xbmc/platform/ps5/filesystem/CMakeLists.txt","Kodi baseline SHA; platform registration points","adapt-native-integration","worktree:/home/raoul/kodi-fork/xbmc-ps5-fork@phase2-effective-source","overlay file copied into baseline worktree; included in effective source tree","done","overlay_file"
"OVERLAY-028","overlay/xbmc/platform/ps5/filesystem/SMB2Directory.cpp","PS5 platform overlay source from reference port","xbmc/platform/ps5/filesystem/SMB2Directory.cpp","Kodi baseline SHA; platform registration points","adapt-native-integration","worktree:/home/raoul/kodi-fork/xbmc-ps5-fork@phase2-effective-source","overlay file copied into baseline worktree; included in effective source tree","done","overlay_file"
"OVERLAY-029","overlay/xbmc/platform/ps5/filesystem/SMB2Directory.h","PS5 platform overlay source from reference port","xbmc/platform/ps5/filesystem/SMB2Directory.h","Kodi baseline SHA; platform registration points","adapt-native-integration","worktree:/home/raoul/kodi-fork/xbmc-ps5-fork@phase2-effective-source","overlay file copied into baseline worktree; included in effective source tree","done","overlay_file"
"OVERLAY-030","overlay/xbmc/platform/ps5/filesystem/SMB2File.cpp","PS5 platform overlay source from reference port","xbmc/platform/ps5/filesystem/SMB2File.cpp","Kodi baseline SHA; platform registration points","adapt-native-integration","worktree:/home/raoul/kodi-fork/xbmc-ps5-fork@phase2-effective-source","overlay file copied into baseline worktree; included in effective source tree","done","overlay_file"
"OVERLAY-031","overlay/xbmc/platform/ps5/filesystem/SMB2File.h","PS5 platform overlay source from reference port","xbmc/platform/ps5/filesystem/SMB2File.h","Kodi baseline SHA; platform registration points","adapt-native-integration","worktree:/home/raoul/kodi-fork/xbmc-ps5-fork@phase2-effective-source","overlay file copied into baseline worktree; included in effective source tree","done","overlay_file"
"OVERLAY-032","overlay/xbmc/platform/ps5/filesystem/SMB2Session.cpp","PS5 platform overlay source from reference port","xbmc/platform/ps5/filesystem/SMB2Session.cpp","Kodi baseline SHA; platform registration points","adapt-native-integration","worktree:/home/raoul/kodi-fork/xbmc-ps5-fork@phase2-effective-source","overlay file copied into baseline worktree; included in effective source tree","done","overlay_file"
"OVERLAY-033","overlay/xbmc/platform/ps5/filesystem/SMB2Session.h","PS5 platform overlay source from reference port","xbmc/platform/ps5/filesystem/SMB2Session.h","Kodi baseline SHA; platform registration points","adapt-native-integration","worktree:/home/raoul/kodi-fork/xbmc-ps5-fork@phase2-effective-source","overlay file copied into baseline worktree; included in effective source tree","done","overlay_file"
"OVERLAY-034","overlay/xbmc/platform/ps5/GPUInfoPS5.cpp","PS5 platform overlay source from reference port","xbmc/platform/ps5/GPUInfoPS5.cpp","Kodi baseline SHA; platform registration points","adapt-native-integration","worktree:/home/raoul/kodi-fork/xbmc-ps5-fork@phase2-effective-source","overlay file copied into baseline worktree; included in effective source tree","done","overlay_file"
"OVERLAY-035","overlay/xbmc/platform/ps5/GPUInfoPS5.h","PS5 platform overlay source from reference port","xbmc/platform/ps5/GPUInfoPS5.h","Kodi baseline SHA; platform registration points","adapt-native-integration","worktree:/home/raoul/kodi-fork/xbmc-ps5-fork@phase2-effective-source","overlay file copied into baseline worktree; included in effective source tree","done","overlay_file"
"OVERLAY-036","overlay/xbmc/platform/ps5/input/CMakeLists.txt","PS5 platform overlay source from reference port","xbmc/platform/ps5/input/CMakeLists.txt","Kodi baseline SHA; platform registration points","adapt-native-integration","worktree:/home/raoul/kodi-fork/xbmc-ps5-fork@phase2-effective-source","overlay file copied into baseline worktree; included in effective source tree","done","overlay_file"
"OVERLAY-037","overlay/xbmc/platform/ps5/input/PS5ImeDialog.cpp","PS5 platform overlay source from reference port","xbmc/platform/ps5/input/PS5ImeDialog.cpp","Kodi baseline SHA; platform registration points","adapt-native-integration","worktree:/home/raoul/kodi-fork/xbmc-ps5-fork@phase2-effective-source","overlay file copied into baseline worktree; included in effective source tree","done","overlay_file"
"OVERLAY-038","overlay/xbmc/platform/ps5/input/PS5ImeDialog.h","PS5 platform overlay source from reference port","xbmc/platform/ps5/input/PS5ImeDialog.h","Kodi baseline SHA; platform registration points","adapt-native-integration","worktree:/home/raoul/kodi-fork/xbmc-ps5-fork@phase2-effective-source","overlay file copied into baseline worktree; included in effective source tree","done","overlay_file"
"OVERLAY-039","overlay/xbmc/platform/ps5/input/PS5Keyboard.cpp","PS5 platform overlay source from reference port","xbmc/platform/ps5/input/PS5Keyboard.cpp","Kodi baseline SHA; platform registration points","adapt-native-integration","worktree:/home/raoul/kodi-fork/xbmc-ps5-fork@phase2-effective-source","overlay file copied into baseline worktree; included in effective source tree","done","overlay_file"
"OVERLAY-040","overlay/xbmc/platform/ps5/input/PS5Keyboard.h","PS5 platform overlay source from reference port","xbmc/platform/ps5/input/PS5Keyboard.h","Kodi baseline SHA; platform registration points","adapt-native-integration","worktree:/home/raoul/kodi-fork/xbmc-ps5-fork@phase2-effective-source","overlay file copied into baseline worktree; included in effective source tree","done","overlay_file"
"OVERLAY-041","overlay/xbmc/platform/ps5/input/PS5PadInput.cpp","PS5 platform overlay source from reference port","xbmc/platform/ps5/input/PS5PadInput.cpp","Kodi baseline SHA; platform registration points","adapt-native-integration","worktree:/home/raoul/kodi-fork/xbmc-ps5-fork@phase2-effective-source","overlay file copied into baseline worktree; included in effective source tree","done","overlay_file"
"OVERLAY-042","overlay/xbmc/platform/ps5/input/PS5PadInput.h","PS5 platform overlay source from reference port","xbmc/platform/ps5/input/PS5PadInput.h","Kodi baseline SHA; platform registration points","adapt-native-integration","worktree:/home/raoul/kodi-fork/xbmc-ps5-fork@phase2-effective-source","overlay file copied into baseline worktree; included in effective source tree","done","overlay_file"
"OVERLAY-043","overlay/xbmc/platform/ps5/JitProbe.cpp","PS5 platform overlay source from reference port","xbmc/platform/ps5/JitProbe.cpp","Kodi baseline SHA; platform registration points","adapt-native-integration","worktree:/home/raoul/kodi-fork/xbmc-ps5-fork@phase2-effective-source","overlay file copied into baseline worktree; included in effective source tree","done","overlay_file"
"OVERLAY-044","overlay/xbmc/platform/ps5/JitProbe.h","PS5 platform overlay source from reference port","xbmc/platform/ps5/JitProbe.h","Kodi baseline SHA; platform registration points","adapt-native-integration","worktree:/home/raoul/kodi-fork/xbmc-ps5-fork@phase2-effective-source","overlay file copied into baseline worktree; included in effective source tree","done","overlay_file"
"OVERLAY-045","overlay/xbmc/platform/ps5/main.cpp","PS5 platform overlay source from reference port","xbmc/platform/ps5/main.cpp","Kodi baseline SHA; platform registration points","adapt-native-integration","worktree:/home/raoul/kodi-fork/xbmc-ps5-fork@phase2-effective-source","overlay file copied into baseline worktree; included in effective source tree","done","overlay_file"
"OVERLAY-046","overlay/xbmc/platform/ps5/MemUtils.cpp","PS5 platform overlay source from reference port","xbmc/platform/ps5/MemUtils.cpp","Kodi baseline SHA; platform registration points","adapt-native-integration","worktree:/home/raoul/kodi-fork/xbmc-ps5-fork@phase2-effective-source","overlay file copied into baseline worktree; included in effective source tree","done","overlay_file"
"OVERLAY-047","overlay/xbmc/platform/ps5/network/CMakeLists.txt","PS5 platform overlay source from reference port","xbmc/platform/ps5/network/CMakeLists.txt","Kodi baseline SHA; platform registration points","adapt-native-integration","worktree:/home/raoul/kodi-fork/xbmc-ps5-fork@phase2-effective-source","overlay file copied into baseline worktree; included in effective source tree","done","overlay_file"
"OVERLAY-048","overlay/xbmc/platform/ps5/network/NetworkPS5.cpp","PS5 platform overlay source from reference port","xbmc/platform/ps5/network/NetworkPS5.cpp","Kodi baseline SHA; platform registration points","adapt-native-integration","worktree:/home/raoul/kodi-fork/xbmc-ps5-fork@phase2-effective-source","overlay file copied into baseline worktree; included in effective source tree","done","overlay_file"
"OVERLAY-049","overlay/xbmc/platform/ps5/network/NetworkPS5.h","PS5 platform overlay source from reference port","xbmc/platform/ps5/network/NetworkPS5.h","Kodi baseline SHA; platform registration points","adapt-native-integration","worktree:/home/raoul/kodi-fork/xbmc-ps5-fork@phase2-effective-source","overlay file copied into baseline worktree; included in effective source tree","done","overlay_file"
"OVERLAY-050","overlay/xbmc/platform/ps5/network/NetworkSelfTestPS5.cpp","PS5 platform overlay source from reference port","xbmc/platform/ps5/network/NetworkSelfTestPS5.cpp","Kodi baseline SHA; platform registration points","adapt-native-integration","worktree:/home/raoul/kodi-fork/xbmc-ps5-fork@phase2-effective-source","overlay file copied into baseline worktree; included in effective source tree","done","overlay_file"
"OVERLAY-051","overlay/xbmc/platform/ps5/network/NetworkSelfTestPS5.h","PS5 platform overlay source from reference port","xbmc/platform/ps5/network/NetworkSelfTestPS5.h","Kodi baseline SHA; platform registration points","adapt-native-integration","worktree:/home/raoul/kodi-fork/xbmc-ps5-fork@phase2-effective-source","overlay file copied into baseline worktree; included in effective source tree","done","overlay_file"
"OVERLAY-052","overlay/xbmc/platform/ps5/PlatformPS5.cpp","PS5 platform overlay source from reference port","xbmc/platform/ps5/PlatformPS5.cpp","Kodi baseline SHA; platform registration points","adapt-native-integration","worktree:/home/raoul/kodi-fork/xbmc-ps5-fork@phase2-effective-source","overlay file copied into baseline worktree; included in effective source tree","done","overlay_file"
"OVERLAY-053","overlay/xbmc/platform/ps5/PlatformPS5.h","PS5 platform overlay source from reference port","xbmc/platform/ps5/PlatformPS5.h","Kodi baseline SHA; platform registration points","adapt-native-integration","worktree:/home/raoul/kodi-fork/xbmc-ps5-fork@phase2-effective-source","overlay file copied into baseline worktree; included in effective source tree","done","overlay_file"
"OVERLAY-054","overlay/xbmc/platform/ps5/PS5InterfaceForCLog.cpp","PS5 platform overlay source from reference port","xbmc/platform/ps5/PS5InterfaceForCLog.cpp","Kodi baseline SHA; platform registration points","adapt-native-integration","worktree:/home/raoul/kodi-fork/xbmc-ps5-fork@phase2-effective-source","overlay file copied into baseline worktree; included in effective source tree","done","overlay_file"
"OVERLAY-055","overlay/xbmc/platform/ps5/PS5InterfaceForCLog.h","PS5 platform overlay source from reference port","xbmc/platform/ps5/PS5InterfaceForCLog.h","Kodi baseline SHA; platform registration points","adapt-native-integration","worktree:/home/raoul/kodi-fork/xbmc-ps5-fork@phase2-effective-source","overlay file copied into baseline worktree; included in effective source tree","done","overlay_file"
"OVERLAY-056","overlay/xbmc/platform/ps5/SandboxPS5.cpp","PS5 platform overlay source from reference port","xbmc/platform/ps5/SandboxPS5.cpp","Kodi baseline SHA; platform registration points","adapt-native-integration","worktree:/home/raoul/kodi-fork/xbmc-ps5-fork@phase2-effective-source","overlay file copied into baseline worktree; included in effective source tree","done","overlay_file"
"OVERLAY-057","overlay/xbmc/platform/ps5/SandboxPS5.h","PS5 platform overlay source from reference port","xbmc/platform/ps5/SandboxPS5.h","Kodi baseline SHA; platform registration points","adapt-native-integration","worktree:/home/raoul/kodi-fork/xbmc-ps5-fork@phase2-effective-source","overlay file copied into baseline worktree; included in effective source tree","done","overlay_file"
"OVERLAY-058","overlay/xbmc/platform/ps5/sce/SceAudioOut.h","PS5 platform overlay source from reference port","xbmc/platform/ps5/sce/SceAudioOut.h","Kodi baseline SHA; platform registration points","adapt-native-integration","worktree:/home/raoul/kodi-fork/xbmc-ps5-fork@phase2-effective-source","overlay file copied into baseline worktree; included in effective source tree","done","overlay_file"
"OVERLAY-059","overlay/xbmc/platform/ps5/sce/SceImeDialog.h","PS5 platform overlay source from reference port","xbmc/platform/ps5/sce/SceImeDialog.h","Kodi baseline SHA; platform registration points","adapt-native-integration","worktree:/home/raoul/kodi-fork/xbmc-ps5-fork@phase2-effective-source","overlay file copied into baseline worktree; included in effective source tree","done","overlay_file"
"OVERLAY-060","overlay/xbmc/platform/ps5/sce/ScePad.h","PS5 platform overlay source from reference port","xbmc/platform/ps5/sce/ScePad.h","Kodi baseline SHA; platform registration points","adapt-native-integration","worktree:/home/raoul/kodi-fork/xbmc-ps5-fork@phase2-effective-source","overlay file copied into baseline worktree; included in effective source tree","done","overlay_file"
"OVERLAY-061","overlay/xbmc/platform/ps5/sce/SceUserService.h","PS5 platform overlay source from reference port","xbmc/platform/ps5/sce/SceUserService.h","Kodi baseline SHA; platform registration points","adapt-native-integration","worktree:/home/raoul/kodi-fork/xbmc-ps5-fork@phase2-effective-source","overlay file copied into baseline worktree; included in effective source tree","done","overlay_file"
"OVERLAY-062","overlay/xbmc/platform/ps5/storage/CMakeLists.txt","PS5 platform overlay source from reference port","xbmc/platform/ps5/storage/CMakeLists.txt","Kodi baseline SHA; platform registration points","adapt-native-integration","worktree:/home/raoul/kodi-fork/xbmc-ps5-fork@phase2-effective-source","overlay file copied into baseline worktree; included in effective source tree","done","overlay_file"
"OVERLAY-063","overlay/xbmc/platform/ps5/storage/PS5StorageProvider.cpp","PS5 platform overlay source from reference port","xbmc/platform/ps5/storage/PS5StorageProvider.cpp","Kodi baseline SHA; platform registration points","adapt-native-integration","worktree:/home/raoul/kodi-fork/xbmc-ps5-fork@phase2-effective-source","overlay file copied into baseline worktree; included in effective source tree","done","overlay_file"
"OVERLAY-064","overlay/xbmc/platform/ps5/storage/PS5StorageProvider.h","PS5 platform overlay source from reference port","xbmc/platform/ps5/storage/PS5StorageProvider.h","Kodi baseline SHA; platform registration points","adapt-native-integration","worktree:/home/raoul/kodi-fork/xbmc-ps5-fork@phase2-effective-source","overlay file copied into baseline worktree; included in effective source tree","done","overlay_file"
"OVERLAY-065","overlay/xbmc/platform/ps5/strptime.cpp","PS5 platform overlay source from reference port","xbmc/platform/ps5/strptime.cpp","Kodi baseline SHA; platform registration points","adapt-native-integration","worktree:/home/raoul/kodi-fork/xbmc-ps5-fork@phase2-effective-source","overlay file copied into baseline worktree; included in effective source tree","done","overlay_file"
"OVERLAY-066","overlay/xbmc/platform/ps5/video/CMakeLists.txt","PS5 platform overlay source from reference port","xbmc/platform/ps5/video/CMakeLists.txt","Kodi baseline SHA; platform registration points","adapt-native-integration","worktree:/home/raoul/kodi-fork/xbmc-ps5-fork@phase2-effective-source","overlay file copied into baseline worktree; included in effective source tree","done","overlay_file"
"OVERLAY-067","overlay/xbmc/platform/ps5/video/DVDVideoCodecPS5.cpp","PS5 platform overlay source from reference port","xbmc/platform/ps5/video/DVDVideoCodecPS5.cpp","Kodi baseline SHA; platform registration points","adapt-native-integration","worktree:/home/raoul/kodi-fork/xbmc-ps5-fork@phase2-effective-source","overlay file copied into baseline worktree; included in effective source tree","done","overlay_file"
"OVERLAY-068","overlay/xbmc/platform/ps5/video/DVDVideoCodecPS5.h","PS5 platform overlay source from reference port","xbmc/platform/ps5/video/DVDVideoCodecPS5.h","Kodi baseline SHA; platform registration points","adapt-native-integration","worktree:/home/raoul/kodi-fork/xbmc-ps5-fork@phase2-effective-source","overlay file copied into baseline worktree; included in effective source tree","done","overlay_file"
"OVERLAY-069","overlay/xbmc/platform/ps5/video/RendererPS5.cpp","PS5 platform overlay source from reference port","xbmc/platform/ps5/video/RendererPS5.cpp","Kodi baseline SHA; platform registration points","adapt-native-integration","worktree:/home/raoul/kodi-fork/xbmc-ps5-fork@phase2-effective-source","overlay file copied into baseline worktree; included in effective source tree","done","overlay_file"
"OVERLAY-070","overlay/xbmc/platform/ps5/video/RendererPS5.h","PS5 platform overlay source from reference port","xbmc/platform/ps5/video/RendererPS5.h","Kodi baseline SHA; platform registration points","adapt-native-integration","worktree:/home/raoul/kodi-fork/xbmc-ps5-fork@phase2-effective-source","overlay file copied into baseline worktree; included in effective source tree","done","overlay_file"
"OVERLAY-071","overlay/xbmc/platform/ps5/video/VideoBufferPS5.cpp","PS5 platform overlay source from reference port","xbmc/platform/ps5/video/VideoBufferPS5.cpp","Kodi baseline SHA; platform registration points","adapt-native-integration","worktree:/home/raoul/kodi-fork/xbmc-ps5-fork@phase2-effective-source","overlay file copied into baseline worktree; included in effective source tree","done","overlay_file"
"OVERLAY-072","overlay/xbmc/platform/ps5/video/VideoBufferPS5.h","PS5 platform overlay source from reference port","xbmc/platform/ps5/video/VideoBufferPS5.h","Kodi baseline SHA; platform registration points","adapt-native-integration","worktree:/home/raoul/kodi-fork/xbmc-ps5-fork@phase2-effective-source","overlay file copied into baseline worktree; included in effective source tree","done","overlay_file"
"OVERLAY-073","overlay/xbmc/platform/ps5/video/VideoCodecRegistration.h","PS5 platform overlay source from reference port","xbmc/platform/ps5/video/VideoCodecRegistration.h","Kodi baseline SHA; platform registration points","adapt-native-integration","worktree:/home/raoul/kodi-fork/xbmc-ps5-fork@phase2-effective-source","overlay file copied into baseline worktree; included in effective source tree","done","overlay_file"
"OVERLAY-074","overlay/xbmc/platform/ps5/video/VideoDec2.cpp","PS5 platform overlay source from reference port","xbmc/platform/ps5/video/VideoDec2.cpp","Kodi baseline SHA; platform registration points","adapt-native-integration","worktree:/home/raoul/kodi-fork/xbmc-ps5-fork@phase2-effective-source","overlay file copied into baseline worktree; included in effective source tree","done","overlay_file"
"OVERLAY-075","overlay/xbmc/platform/ps5/video/VideoDec2.h","PS5 platform overlay source from reference port","xbmc/platform/ps5/video/VideoDec2.h","Kodi baseline SHA; platform registration points","adapt-native-integration","worktree:/home/raoul/kodi-fork/xbmc-ps5-fork@phase2-effective-source","overlay file copied into baseline worktree; included in effective source tree","done","overlay_file"
"OVERLAY-076","overlay/xbmc/platform/ps5/VideoOutInfo.cpp","PS5 platform overlay source from reference port","xbmc/platform/ps5/VideoOutInfo.cpp","Kodi baseline SHA; platform registration points","adapt-native-integration","worktree:/home/raoul/kodi-fork/xbmc-ps5-fork@phase2-effective-source","overlay file copied into baseline worktree; included in effective source tree","done","overlay_file"
"OVERLAY-077","overlay/xbmc/platform/ps5/VideoOutInfo.h","PS5 platform overlay source from reference port","xbmc/platform/ps5/VideoOutInfo.h","Kodi baseline SHA; platform registration points","adapt-native-integration","worktree:/home/raoul/kodi-fork/xbmc-ps5-fork@phase2-effective-source","overlay file copied into baseline worktree; included in effective source tree","done","overlay_file"
"OVERLAY-078","overlay/xbmc/windowing/ps5/CMakeLists.txt","PS5 platform overlay source from reference port","xbmc/windowing/ps5/CMakeLists.txt","Kodi baseline SHA; platform registration points","adapt-native-integration","worktree:/home/raoul/kodi-fork/xbmc-ps5-fork@phase2-effective-source","overlay file copied into baseline worktree; included in effective source tree","done","overlay_file"
"OVERLAY-079","overlay/xbmc/windowing/ps5/DefaultFramebufferPS5.h","PS5 platform overlay source from reference port","xbmc/windowing/ps5/DefaultFramebufferPS5.h","Kodi baseline SHA; platform registration points","adapt-native-integration","worktree:/home/raoul/kodi-fork/xbmc-ps5-fork@phase2-effective-source","overlay file copied into baseline worktree; included in effective source tree","done","overlay_file"
"OVERLAY-080","overlay/xbmc/windowing/ps5/HdrOutputPS5.cpp","PS5 platform overlay source from reference port","xbmc/windowing/ps5/HdrOutputPS5.cpp","Kodi baseline SHA; platform registration points","adapt-native-integration","worktree:/home/raoul/kodi-fork/xbmc-ps5-fork@phase2-effective-source","overlay file copied into baseline worktree; included in effective source tree","done","overlay_file"
"OVERLAY-081","overlay/xbmc/windowing/ps5/HdrOutputPS5.h","PS5 platform overlay source from reference port","xbmc/windowing/ps5/HdrOutputPS5.h","Kodi baseline SHA; platform registration points","adapt-native-integration","worktree:/home/raoul/kodi-fork/xbmc-ps5-fork@phase2-effective-source","overlay file copied into baseline worktree; included in effective source tree","done","overlay_file"
"OVERLAY-082","overlay/xbmc/windowing/ps5/VideoSyncPS5.cpp","PS5 platform overlay source from reference port","xbmc/windowing/ps5/VideoSyncPS5.cpp","Kodi baseline SHA; platform registration points","adapt-native-integration","worktree:/home/raoul/kodi-fork/xbmc-ps5-fork@phase2-effective-source","overlay file copied into baseline worktree; included in effective source tree","done","overlay_file"
"OVERLAY-083","overlay/xbmc/windowing/ps5/VideoSyncPS5.h","PS5 platform overlay source from reference port","xbmc/windowing/ps5/VideoSyncPS5.h","Kodi baseline SHA; platform registration points","adapt-native-integration","worktree:/home/raoul/kodi-fork/xbmc-ps5-fork@phase2-effective-source","overlay file copied into baseline worktree; included in effective source tree","done","overlay_file"
"OVERLAY-084","overlay/xbmc/windowing/ps5/WinSystemPS5.cpp","PS5 platform overlay source from reference port","xbmc/windowing/ps5/WinSystemPS5.cpp","Kodi baseline SHA; platform registration points","adapt-native-integration","worktree:/home/raoul/kodi-fork/xbmc-ps5-fork@phase2-effective-source","overlay file copied into baseline worktree; included in effective source tree","done","overlay_file"
"OVERLAY-085","overlay/xbmc/windowing/ps5/WinSystemPS5.h","PS5 platform overlay source from reference port","xbmc/windowing/ps5/WinSystemPS5.h","Kodi baseline SHA; platform registration points","adapt-native-integration","worktree:/home/raoul/kodi-fork/xbmc-ps5-fork@phase2-effective-source","overlay file copied into baseline worktree; included in effective source tree","done","overlay_file"
"OVERLAY-086","overlay/xbmc/windowing/ps5/WinSystemPS5GLContext.cpp","PS5 platform overlay source from reference port","xbmc/windowing/ps5/WinSystemPS5GLContext.cpp","Kodi baseline SHA; platform registration points","adapt-native-integration","worktree:/home/raoul/kodi-fork/xbmc-ps5-fork@phase2-effective-source","overlay file copied into baseline worktree; included in effective source tree","done","overlay_file"
"OVERLAY-087","overlay/xbmc/windowing/ps5/WinSystemPS5GLContext.h","PS5 platform overlay source from reference port","xbmc/windowing/ps5/WinSystemPS5GLContext.h","Kodi baseline SHA; platform registration points","adapt-native-integration","worktree:/home/raoul/kodi-fork/xbmc-ps5-fork@phase2-effective-source","overlay file copied into baseline worktree; included in effective source tree","done","overlay_file"
"SCRIPT-001","scripts/20-configure-kodi.sh (git checkout patched files)","Reset touched Kodi files before patch apply","No direct equivalent in migrated fork","Migration to tracked-source branch","supersede","worktree:/home/raoul/kodi-fork/xbmc-ps5-fork@phase3-native-configure","Native configure entrypoint tools/ps5/configure.sh ran successfully without source mutation steps","done","script_transform"
"SCRIPT-002","scripts/20-configure-kodi.sh (overlay copy loop)","Copy PS5 overlay into Kodi source at configure time","Tracked files in fork branch","PS5 files committed in fork","supersede","worktree:/home/raoul/kodi-fork/xbmc-ps5-fork@phase3-native-configure","PS5 files are tracked directly in fork; configure script contains no overlay copy","done","script_transform"
"SCRIPT-003","scripts/20-configure-kodi.sh (BuildStamp.h sed rewrite)","Inject build stamp by rewriting tracked source","Generated header in build dir","CMake custom command","adapt","worktree:/home/raoul/kodi-fork/xbmc-ps5-fork@phase3-buildstamp-generated","BuildStamp generated at build/ps5-release/xbmc/platform/ps5/BuildStamp.h and compile include order prefers build dir","done","script_transform"
"SCRIPT-004","scripts/20-configure-kodi.sh (patch apply loop)","Apply Kodi patches at configure time","Tracked commits on ps5 branch","Patch-by-patch migration ledger","supersede","worktree:/home/raoul/kodi-fork/xbmc-ps5-fork@phase3-native-configure","Patch stack pre-applied to tracked source; configure script contains no patch loop","done","script_transform"
"SCRIPT-005","scripts/30-deploy.sh (external deploy orchestration)","Build PS5 title image from tracked Kodi output","cmake/scripts/ps5/ExtraTargets.cmake + tools/ps5/package.sh","Native configure/build path complete; shims/title assets vendored","adapt","worktree:/home/raoul/kodi-fork/xbmc-ps5-fork@phase4-packaging-targets","cmake --build build/ps5-release --target ps5-title succeeded and produced build/ps5-stage/app/dist/PPSA99420","done","script_transform"
"SCRIPT-006","scripts/30-deploy.sh (artifact packaging)","Produce distributable package archive","cmake/scripts/ps5/ExtraTargets.cmake + tools/ps5/package.sh","SCRIPT-005; package tool availability","adapt","worktree:/home/raoul/kodi-fork/xbmc-ps5-fork@phase4-build-manifest","cmake --build build/ps5-release --target ps5-package succeeded and produced build/ps5-stage/artifacts/PPSA99420.zip (+sha256) with cmake tar fallback when zip is absent; Phase 4 pass added a <TITLE_ID>-BUILD-MANIFEST.json alongside the zip (kodi source revision, feature config from CMakeCache.txt, dependency versions, artifact hash), validated against the existing build/ps5-release + build/ps5-stage/artifacts output - see docs/ps5/phase4-packaging-runtime-paths.md","done","script_transform"
"DEP-001","ps5-opengl runtime/template sourcing","Qualify graphics/runtime dependency handling","toolchain/ps5-kodi.cmake + tools/ps5/package.sh","Pinned ps5-opengl commit; successful packaging targets","retain-external-pin","worktree:/home/raoul/kodi-fork/xbmc-ps5-fork@phase4-dependency-qualification","PS5OpenGL consumed via PS5_OPENGL_PREFIX and APP_TEMPLATE defaults; ps5-title/ps5-package succeeded","done","dependency_qualification"
"DEP-002","dav1d provenance","Qualify AV1 codec dependency in active build","ps5-payload-sdk homebrew sysroot (current path)","Configured build tree present","qualify-current-path","worktree:/home/raoul/kodi-fork/xbmc-ps5-fork@phase4-dependency-qualification","build/ps5-release/kodi-pkg-config --modversion dav1d returned 1.5.1","done","dependency_qualification"
"DEP-003","ffmpeg provenance","Qualify media stack dependency in active build","ps5-payload-sdk homebrew sysroot (current path)","Configured build tree present","qualify-current-path","worktree:/home/raoul/kodi-fork/xbmc-ps5-fork@phase4-dependency-qualification","CMakeCache FFMPEG_* entries point to /opt/ps5-payload-sdk/target/user/homebrew libs; pkg-config reports libavcodec 61.19.101 family","done","dependency_qualification"
"DEP-004","cpython provenance","Qualify embedded Python runtime dependency in active build","ps5-payload-sdk homebrew sysroot (current path)","Configured build tree present","qualify-current-path","worktree:/home/raoul/kodi-fork/xbmc-ps5-fork@phase4-dependency-qualification","ENABLE_PYTHON=ON with PYTHON_VERSION=3.14 in CMakeCache; static libpython3.14.a present in sysroot","done","dependency_qualification"
"DEP-005","tools/depends PS5 host support","Enable PS5-like host triplet under Kodi tools/depends","tools/depends/configure.ac + tools/depends/m4/xbmc_arch.m4 + target/Toolchain.cmake.in + target/Makefile","tools/depends bootstrap + configure","adapt","worktree:/home/raoul/kodi-fork/xbmc-ps5-fork@phase4-tools-depends-ps5-enable","tools/depends/configure --host=x86_64-unknown-freebsd --with-platform=ps5 --with-toolchain=/opt/ps5-payload-sdk now succeeds","done","dependency_qualification"
"DEP-006","tools/depends PS5 target build validation","Validate full target dependency build/install path for PS5 host prefix","tools/depends target graph execution","DEP-005","adapt-native-integration","worktree:/home/raoul/kodi-fork/xbmc-ps5-fork@phase4-tools-depends-ps5-enable","All 21 curated tools/depends/target recipes (bzip2 expat gettext libffi libxml2 openssl sqlite3 xz zlib dav1d ffmpeg python3 curl brotli libiconv tinyxml tinyxml2 fstrcmp libuuid libprocstat libkodishim libsmb2) rebuilt together in one combined make pass against the shared PREFIX with zero failures (log: /tmp/dep006-verify.log); proves the full dependency graph resolves and coexists, not just each recipe in isolation","done","dependency_qualification"
